{"id":"89ZYbvgsjhVdZnt","name":"test","type":"static","entries":[{"id":"RUOG3wiksPt8ApM","name":"new_self_speaker","sound":{"soundId":{"type":"default","value":""},"soundSource":{"type":"self","entryId":"","location":{"world":"","x":0.0,"y":0.0,"z":0.0,"yaw":0.0,"pitch":0.0}},"track":"MASTER","volume":1.0,"pitch":1.0},"overrideName":{"enabled":false,"value":""},"type":"self_speaker"},{"id":"UMJBqJuWnGJm7RE","name":"new_player_group","type":"player_group"},{"id":"Gm9FXzBNABzXVro","name":"demo_fact","comment":"","group":"UMJBqJuWnGJm7RE","type":"permanent_fact"},{"id":"EeQPScYDtE7hC7S","name":"andere_fact","comment":"","group":"UMJBqJuWnGJm7RE","type":"permanent_fact"}],"chapter":"","priority":0,"version":"0.6.0"}