{"id":"cM90VuQlGIWjdew","name":"test","type":"sequence","entries":[{"id":"Vcu8nGe6VsbFKgD","name":"new_on_interact_with_block","triggers":["P48MU30UfXRmgOr"],"block":"GRASS_BLOCK","location":{"enabled":false,"value":{"world":"world","x":28.71,"y":64.0,"z":-39.2,"yaw":106.8,"pitch":31.65}},"itemInHand":{"case":"custom_item","value":{}},"cancel":false,"interactionType":"ALL","shiftType":"ANY","type":"on_interact_with_block"},{"id":"P48MU30UfXRmgOr","name":"new_spoken","criteria":[],"modifiers":[{"fact":null,"operator":"=","value":0}],"triggers":[],"speaker":"RUOG3wiksPt8ApM","text":"hello","duration":1000,"type":"spoken"}],"chapter":"","priority":0,"version":"0.6.0"}