{"id":"jGeeDJkaDj8MSK5","name":"quest_test","type":"manifest","entries":[{"id":"xG78MDDjP5Adops","name":"demo","children":["eaSVIuOLE2VEDU6"],"displayName":"Quest 1","activeCriteria":[{"operator":"<=","value":4,"fact":"Gm9FXzBNABzXVro"},{"fact":"Gm9FXzBNABzXVro","operator":"!=","value":0}],"completedCriteria":[{"operator":"==","value":5,"fact":"Gm9FXzBNABzXVro"}],"type":"quest","item":{"case":"custom_item","value":{"components":[{"case":"material","value":{"material":"STONE"}}]}},"description":"De beginners quest"},{"id":"r7d12vAV5BwYH15","name":"demo_27","children":["6hPtcXf6jL3enWg"],"displayName":"Quest 27","activeCriteria":[{"operator":"<=","value":4,"fact":"Gm9FXzBNABzXVro"},{"fact":"Gm9FXzBNABzXVro","operator":"!=","value":0}],"completedCriteria":[{"operator":"==","value":5,"fact":"Gm9FXzBNABzXVro"}],"type":"quest","item":{"case":"custom_item","value":{"components":[{"case":"material","value":{"material":"GRANITE"}}]}},"description":"De beginners quest 3"},{"id":"6hPtcXf6jL3enWg","name":"demo_28","children":["sT9OyHqCPXAlpnc"],"displayName":"Quest 28","activeCriteria":[{"operator":"<=","value":4,"fact":"Gm9FXzBNABzXVro"},{"fact":"Gm9FXzBNABzXVro","operator":"!=","value":0}],"completedCriteria":[{"operator":"==","value":5,"fact":"Gm9FXzBNABzXVro"}],"type":"quest","item":{"case":"custom_item","value":{"components":[{"case":"material","value":{"material":"GRANITE"}}]}},"description":"De beginners quest 3"},{"id":"sT9OyHqCPXAlpnc","name":"quest_29","children":["h9mRVhp791ilnwK"],"displayName":"Quest 29","activeCriteria":[{"operator":"<=","value":4,"fact":"Gm9FXzBNABzXVro"},{"fact":"Gm9FXzBNABzXVro","operator":"!=","value":0}],"completedCriteria":[{"operator":"==","value":5,"fact":"Gm9FXzBNABzXVro"}],"type":"quest","item":{"case":"custom_item","value":{"components":[{"case":"material","value":{"material":"GRANITE"}}]}},"description":""},{"id":"h9mRVhp791ilnwK","name":"demo_30","children":["Wb2tFwaBWBr61wM"],"displayName":"Quest 30","activeCriteria":[{"operator":"<=","value":4,"fact":"Gm9FXzBNABzXVro"},{"fact":"Gm9FXzBNABzXVro","operator":"!=","value":0}],"completedCriteria":[{"operator":"==","value":5,"fact":"Gm9FXzBNABzXVro"}],"type":"quest","item":{"case":"custom_item","value":{"components":[{"case":"material","value":{"material":"GRASS_BLOCK"}}]}},"description":"De beginners quest 3"},{"id":"Wb2tFwaBWBr61wM","name":"demo_32","children":["yLdcy0RQ5q69zGP"],"displayName":"Quest 31","activeCriteria":[{"operator":"<=","value":4,"fact":"EeQPScYDtE7hC7S"},{"fact":"Gm9FXzBNABzXVro","operator":"!=","value":0}],"completedCriteria":[{"operator":"==","value":5,"fact":"Gm9FXzBNABzXVro"}],"type":"quest","item":{"case":"custom_item","value":{"components":[{"case":"material","value":{"material":"GRANITE"}}]}},"description":"De beginners quest 3"},{"id":"yLdcy0RQ5q69zGP","name":"demo_32","children":["zhJDwWENdMAYyUT"],"displayName":"Quest 32","activeCriteria":[{"operator":"==","value":6,"fact":"Gm9FXzBNABzXVro"}],"completedCriteria":[{"operator":"==","value":5,"fact":"Gm9FXzBNABzXVro"}],"type":"quest","item":{"case":"custom_item","value":{"components":[{"case":"material","value":{"material":"POLISHED_DIORITE"}}]}},"description":""},{"id":"zhJDwWENdMAYyUT","name":"demo_33","children":["ul5knajzsOZZGY2"],"displayName":"Quest 33","activeCriteria":[{"operator":"<=","value":4,"fact":"Gm9FXzBNABzXVro"},{"fact":"Gm9FXzBNABzXVro","operator":"!=","value":0}],"completedCriteria":[{"operator":"==","value":5,"fact":"Gm9FXzBNABzXVro"}],"type":"quest","item":{"case":"custom_item","value":{"components":[{"case":"material","value":{"material":"GRANITE"}}]}},"description":"De beginners quest 3"},{"id":"ul5knajzsOZZGY2","name":"demo_34","children":["2KQlNIJVAZmFOS1"],"displayName":"Quest 34","activeCriteria":[{"operator":"<=","value":4,"fact":"Gm9FXzBNABzXVro"},{"fact":"Gm9FXzBNABzXVro","operator":"!=","value":0}],"completedCriteria":[{"operator":"==","value":5,"fact":"Gm9FXzBNABzXVro"}],"type":"quest","item":{"case":"custom_item","value":{"components":[{"case":"material","value":{"material":"GRANITE"}}]}},"description":"De beginners quest 3"},{"id":"2KQlNIJVAZmFOS1","name":"demo_35","children":["Cnid0rFT5avLRJ7"],"displayName":"Quest 35","activeCriteria":[{"operator":"<=","value":4,"fact":"Gm9FXzBNABzXVro"},{"fact":"Gm9FXzBNABzXVro","operator":"!=","value":0}],"completedCriteria":[{"operator":"==","value":5,"fact":"Gm9FXzBNABzXVro"}],"type":"quest","item":{"case":"custom_item","value":{"components":[{"case":"material","value":{"material":"GRANITE"}}]}},"description":"De beginners quest 3"},{"id":"Cnid0rFT5avLRJ7","name":"demo_36","children":["VNJlfS4kacx2gTM"],"displayName":"Quest 36","activeCriteria":[{"operator":"<=","value":4,"fact":"Gm9FXzBNABzXVro"},{"fact":"Gm9FXzBNABzXVro","operator":"!=","value":0}],"completedCriteria":[{"operator":"==","value":5,"fact":"Gm9FXzBNABzXVro"}],"type":"quest","item":{"case":"custom_item","value":{"components":[{"case":"material","value":{"material":"GRANITE"}}]}},"description":"De beginners quest 3"},{"id":"VNJlfS4kacx2gTM","name":"demo_37","children":["5lyrtu0kHCHRnxZ"],"displayName":"Quest 37","activeCriteria":[{"operator":"<=","value":4,"fact":"Gm9FXzBNABzXVro"},{"fact":"Gm9FXzBNABzXVro","operator":"!=","value":0}],"completedCriteria":[{"operator":"==","value":5,"fact":"Gm9FXzBNABzXVro"}],"type":"quest","item":{"case":"custom_item","value":{"components":[{"case":"material","value":{"material":"GRANITE"}}]}},"description":"De beginners quest 3"},{"id":"5lyrtu0kHCHRnxZ","name":"demo_38","children":["7AJHEYekSXtIDp5"],"displayName":"Quest 38","activeCriteria":[{"operator":"<=","value":4,"fact":"Gm9FXzBNABzXVro"},{"fact":"Gm9FXzBNABzXVro","operator":"!=","value":0}],"completedCriteria":[{"operator":"==","value":5,"fact":"Gm9FXzBNABzXVro"}],"type":"quest","item":{"case":"custom_item","value":{"components":[{"case":"material","value":{"material":"GRANITE"}}]}},"description":"De beginners quest 3"},{"id":"7AJHEYekSXtIDp5","name":"demo_39","children":[],"displayName":"Quest 39","activeCriteria":[{"operator":"<=","value":4,"fact":"Gm9FXzBNABzXVro"},{"fact":"Gm9FXzBNABzXVro","operator":"!=","value":0}],"completedCriteria":[{"operator":"==","value":5,"fact":"Gm9FXzBNABzXVro"}],"type":"quest","item":{"case":"custom_item","value":{"components":[{"case":"material","value":{"material":"RED_BED"}}]}},"description":"De beginners quest 3"},{"id":"znvpVbwjdGDQ17T","name":"demo_15","children":["BQdS6cfJaOTIthw"],"displayName":"Quest 15","activeCriteria":[{"operator":"<=","value":4,"fact":"Gm9FXzBNABzXVro"},{"fact":"Gm9FXzBNABzXVro","operator":"!=","value":0}],"completedCriteria":[{"operator":"==","value":5,"fact":"Gm9FXzBNABzXVro"}],"type":"quest","item":{"case":"custom_item","value":{"components":[{"case":"material","value":{"material":"STONE"}}]}},"description":"De beginners quest 2"},{"id":"BQdS6cfJaOTIthw","name":"demo_16","children":["Ge45NbzaISpV66c"],"displayName":"Quest 16","activeCriteria":[{"operator":"<=","value":4,"fact":"Gm9FXzBNABzXVro"},{"fact":"Gm9FXzBNABzXVro","operator":"!=","value":0}],"completedCriteria":[{"operator":"==","value":5,"fact":"Gm9FXzBNABzXVro"}],"type":"quest","item":{"case":"custom_item","value":{"components":[{"case":"material","value":{"material":"STONE"}}]}},"description":"De beginners quest 2"},{"id":"Ge45NbzaISpV66c","name":"demo_17","children":["UiJIPhu8e3SlvtT"],"displayName":"Quest 17","activeCriteria":[{"operator":"<=","value":4,"fact":"Gm9FXzBNABzXVro"},{"fact":"Gm9FXzBNABzXVro","operator":"!=","value":0}],"completedCriteria":[{"operator":"==","value":5,"fact":"Gm9FXzBNABzXVro"}],"type":"quest","item":{"case":"custom_item","value":{"components":[{"case":"material","value":{"material":"STONE"}}]}},"description":""},{"id":"UiJIPhu8e3SlvtT","name":"demo_18","children":["Q4XYwTVY3mUS14y"],"displayName":"Quest 18","activeCriteria":[{"operator":"<=","value":4,"fact":"Gm9FXzBNABzXVro"},{"fact":"Gm9FXzBNABzXVro","operator":"!=","value":0}],"completedCriteria":[{"operator":"==","value":5,"fact":"Gm9FXzBNABzXVro"}],"type":"quest","item":{"case":"custom_item","value":{"components":[{"case":"material","value":{"material":"COBBLESTONE"}}]}},"description":"De beginners quest 2"},{"id":"Q4XYwTVY3mUS14y","name":"demo_19","children":["aBRHdpMnsxAE5jw"],"displayName":"Quest 19","activeCriteria":[{"operator":"<=","value":4,"fact":"Gm9FXzBNABzXVro"},{"fact":"Gm9FXzBNABzXVro","operator":"!=","value":0}],"completedCriteria":[{"operator":"==","value":5,"fact":"Gm9FXzBNABzXVro"}],"type":"quest","item":{"case":"custom_item","value":{"components":[{"case":"material","value":{"material":"STONE"}}]}},"description":"De beginners quest 2"},{"id":"aBRHdpMnsxAE5jw","name":"demo_20","children":["kH28R4D0AHTc9i9"],"displayName":"Quest 20","activeCriteria":[{"operator":"<=","value":4,"fact":"Gm9FXzBNABzXVro"},{"fact":"Gm9FXzBNABzXVro","operator":"!=","value":0}],"completedCriteria":[{"operator":"==","value":5,"fact":"Gm9FXzBNABzXVro"}],"type":"quest","item":{"case":"custom_item","value":{"components":[{"case":"material","value":{"material":"STONE"}}]}},"description":"De beginners quest 2"},{"id":"kH28R4D0AHTc9i9","name":"demo_21","children":["Z8AA2vAquDnvjX8"],"displayName":"Quest 21","activeCriteria":[{"operator":"==","value":1,"fact":"EeQPScYDtE7hC7S"}],"completedCriteria":[{"operator":"==","value":5,"fact":"Gm9FXzBNABzXVro"}],"type":"quest","item":{"case":"custom_item","value":{"components":[{"case":"material","value":{"material":"STONE"}}]}},"description":"De beginners quest 2"},{"id":"Z8AA2vAquDnvjX8","name":"demo_22","children":["Ww3uboTdJjfI34m"],"displayName":"Quest 22","activeCriteria":[{"operator":"==","value":1,"fact":"EeQPScYDtE7hC7S"}],"completedCriteria":[{"operator":"==","value":5,"fact":"Gm9FXzBNABzXVro"}],"type":"quest","item":{"case":"custom_item","value":{"components":[{"case":"material","value":{"material":"STONE"}}]}},"description":"De beginners quest 2"},{"id":"Ww3uboTdJjfI34m","name":"demo_23","children":["ZU7JuZM5nk6JfpC"],"displayName":"Quest 23","activeCriteria":[{"operator":"==","value":1,"fact":"EeQPScYDtE7hC7S"}],"completedCriteria":[{"operator":"==","value":5,"fact":"Gm9FXzBNABzXVro"}],"type":"quest","item":{"case":"custom_item","value":{"components":[{"case":"material","value":{"material":"STONE"}}]}},"description":"De beginners quest 2"},{"id":"ZU7JuZM5nk6JfpC","name":"demo_24","children":["rL9hQYQq1kSqGOR"],"displayName":"Quest 24","activeCriteria":[{"operator":"==","value":1,"fact":"EeQPScYDtE7hC7S"}],"completedCriteria":[{"operator":"==","value":2,"fact":"EeQPScYDtE7hC7S"}],"type":"quest","item":{"case":"custom_item","value":{"components":[{"case":"material","value":{"material":"STONE"}}]}},"description":"De beginners quest 2"},{"id":"rL9hQYQq1kSqGOR","name":"demo_25","children":["vcnG5is15amoLfJ"],"displayName":"Quest 25","activeCriteria":[{"operator":"<=","value":4,"fact":"Gm9FXzBNABzXVro"},{"fact":"Gm9FXzBNABzXVro","operator":"!=","value":0}],"completedCriteria":[{"operator":"==","value":5,"fact":"Gm9FXzBNABzXVro"}],"type":"quest","item":{"case":"custom_item","value":{"components":[{"case":"material","value":{"material":"STONE"}}]}},"description":"De beginners quest 2"},{"id":"vcnG5is15amoLfJ","name":"demo_26","children":[],"displayName":"Quest 26","activeCriteria":[{"operator":"<=","value":4,"fact":"Gm9FXzBNABzXVro"},{"fact":"Gm9FXzBNABzXVro","operator":"!=","value":0}],"completedCriteria":[{"operator":"==","value":5,"fact":"Gm9FXzBNABzXVro"}],"type":"quest","item":{"case":"custom_item","value":{"components":[{"case":"material","value":{"material":"ACACIA_PLANKS"}}]}},"description":"De beginners quest 2"},{"id":"eaSVIuOLE2VEDU6","name":"demo_2","children":["h54PzF6U6DvQ3i2"],"displayName":"Quest 2","activeCriteria":[{"operator":"<=","value":4,"fact":"Gm9FXzBNABzXVro"},{"fact":"Gm9FXzBNABzXVro","operator":"!=","value":0}],"completedCriteria":[{"operator":"==","value":5,"fact":"Gm9FXzBNABzXVro"}],"type":"quest","item":{"case":"custom_item","value":{"components":[{"case":"material","value":{"material":"STONE"}}]}},"description":"De beginners quest"},{"id":"h54PzF6U6DvQ3i2","name":"demo_3","children":["SoEfUG4dP7j2oth"],"displayName":"Quest 3","activeCriteria":[{"operator":"<=","value":4,"fact":"Gm9FXzBNABzXVro"},{"fact":"Gm9FXzBNABzXVro","operator":"!=","value":0}],"completedCriteria":[{"operator":"==","value":5,"fact":"Gm9FXzBNABzXVro"}],"type":"quest","item":{"case":"custom_item","value":{"components":[{"case":"material","value":{"material":"STONE"}}]}},"description":"De beginners quest"},{"id":"SoEfUG4dP7j2oth","name":"demo_4","children":["lDQUwmnrzfXcFyy"],"displayName":"Quest 4","activeCriteria":[{"operator":"<=","value":4,"fact":"Gm9FXzBNABzXVro"},{"fact":"Gm9FXzBNABzXVro","operator":"!=","value":0}],"completedCriteria":[{"operator":"==","value":5,"fact":"Gm9FXzBNABzXVro"}],"type":"quest","item":{"case":"custom_item","value":{"components":[{"case":"material","value":{"material":"STONE"}}]}},"description":"De beginners quest"},{"id":"lDQUwmnrzfXcFyy","name":"demo_5","children":["FUztwZHKnsR0NWm"],"displayName":"Quest 5","activeCriteria":[{"operator":"<=","value":4,"fact":"Gm9FXzBNABzXVro"},{"fact":"Gm9FXzBNABzXVro","operator":"!=","value":0}],"completedCriteria":[{"operator":"==","value":5,"fact":"Gm9FXzBNABzXVro"}],"type":"quest","item":{"case":"custom_item","value":{"components":[{"case":"material","value":{"material":"STONE"}}]}},"description":"De beginners quest"},{"id":"FUztwZHKnsR0NWm","name":"demo_6","children":["b0hgUmwxKtKUqxi"],"displayName":"Quest 6","activeCriteria":[{"operator":"<=","value":4,"fact":"Gm9FXzBNABzXVro"},{"fact":"Gm9FXzBNABzXVro","operator":"!=","value":0}],"completedCriteria":[{"operator":"==","value":5,"fact":"Gm9FXzBNABzXVro"}],"type":"quest","item":{"case":"custom_item","value":{"components":[{"case":"material","value":{"material":"STONE"}}]}},"description":"De beginners quest"},{"id":"b0hgUmwxKtKUqxi","name":"demo_7","children":["6j7H1qIEaV3SA4R"],"displayName":"Quest 7","activeCriteria":[{"operator":"<=","value":4,"fact":"Gm9FXzBNABzXVro"},{"fact":"Gm9FXzBNABzXVro","operator":"!=","value":0}],"completedCriteria":[{"operator":"==","value":5,"fact":"Gm9FXzBNABzXVro"}],"type":"quest","item":{"case":"custom_item","value":{"components":[{"case":"material","value":{"material":"STONE"}}]}},"description":"De beginners quest"},{"id":"6j7H1qIEaV3SA4R","name":"demo_8","children":["hXhc9l0i8g5lgSf"],"displayName":"Quest 8","activeCriteria":[{"operator":"<=","value":4,"fact":"Gm9FXzBNABzXVro"},{"fact":"Gm9FXzBNABzXVro","operator":"!=","value":0}],"completedCriteria":[{"operator":"==","value":5,"fact":"Gm9FXzBNABzXVro"}],"type":"quest","item":{"case":"custom_item","value":{"components":[{"case":"material","value":{"material":"STONE"}}]}},"description":"De beginners quest"},{"id":"hXhc9l0i8g5lgSf","name":"demo_9","children":["ER2XkIFllHMHbX0"],"displayName":"Quest 9","activeCriteria":[{"operator":"<=","value":4,"fact":"Gm9FXzBNABzXVro"},{"fact":"Gm9FXzBNABzXVro","operator":"!=","value":0}],"completedCriteria":[{"operator":"==","value":5,"fact":"Gm9FXzBNABzXVro"}],"type":"quest","item":{"case":"custom_item","value":{"components":[{"case":"material","value":{"material":"STONE"}}]}},"description":"De beginners quest"},{"id":"ER2XkIFllHMHbX0","name":"demo_10","children":["WQvK4AjY5UFsjIV"],"displayName":"Quest 10","activeCriteria":[{"operator":"<=","value":4,"fact":"Gm9FXzBNABzXVro"},{"fact":"Gm9FXzBNABzXVro","operator":"!=","value":0}],"completedCriteria":[{"operator":"==","value":5,"fact":"Gm9FXzBNABzXVro"}],"type":"quest","item":{"case":"custom_item","value":{"components":[{"case":"material","value":{"material":"STONE"}}]}},"description":"De beginners quest"},{"id":"WQvK4AjY5UFsjIV","name":"demo_11","children":["cEE4W14KVysGLVm"],"displayName":"Quest 11","activeCriteria":[{"operator":"<=","value":4,"fact":"Gm9FXzBNABzXVro"},{"fact":"Gm9FXzBNABzXVro","operator":"!=","value":0}],"completedCriteria":[{"operator":"==","value":5,"fact":"Gm9FXzBNABzXVro"}],"type":"quest","item":{"case":"custom_item","value":{"components":[{"case":"material","value":{"material":"STONE"}}]}},"description":"De beginners quest"},{"id":"cEE4W14KVysGLVm","name":"demo_12","children":["4CWfHJrIn7wgMjs"],"displayName":"Quest 12","activeCriteria":[{"operator":"<=","value":4,"fact":"Gm9FXzBNABzXVro"},{"fact":"Gm9FXzBNABzXVro","operator":"!=","value":0}],"completedCriteria":[{"operator":"==","value":5,"fact":"Gm9FXzBNABzXVro"}],"type":"quest","item":{"case":"custom_item","value":{"components":[{"case":"material","value":{"material":"STONE"}}]}},"description":"De beginners quest"},{"id":"4CWfHJrIn7wgMjs","name":"demo_13","children":["DaOnswr7aLrfRQG"],"displayName":"Quest 13","activeCriteria":[{"operator":"<=","value":4,"fact":"Gm9FXzBNABzXVro"},{"fact":"Gm9FXzBNABzXVro","operator":"!=","value":0}],"completedCriteria":[{"operator":"==","value":5,"fact":"Gm9FXzBNABzXVro"}],"type":"quest","item":{"case":"custom_item","value":{"components":[{"case":"material","value":{"material":"STONE"}}]}},"description":"De beginners quest"},{"id":"AUCvZI0ZLf8HfeM","name":"demo_14","children":["znvpVbwjdGDQ17T"],"displayName":"Quest 14","activeCriteria":[{"operator":"<=","value":4,"fact":"Gm9FXzBNABzXVro"},{"fact":"Gm9FXzBNABzXVro","operator":"!=","value":0}],"completedCriteria":[{"operator":"==","value":5,"fact":"Gm9FXzBNABzXVro"}],"type":"quest","item":{"case":"custom_item","value":{"components":[{"case":"material","value":{"material":"STONE"}}]}},"description":"De beginners quest 2"},{"id":"DaOnswr7aLrfRQG","name":"demo_27","children":["HUNx3FNHHbRKM6K"],"displayName":"Quest 27","activeCriteria":[{"operator":"<=","value":4,"fact":"Gm9FXzBNABzXVro"},{"fact":"Gm9FXzBNABzXVro","operator":"!=","value":0}],"completedCriteria":[{"operator":"==","value":5,"fact":"Gm9FXzBNABzXVro"}],"type":"quest","item":{"case":"custom_item","value":{"components":[{"case":"material","value":{"material":"STONE"}}]}},"description":"De beginners quest"},{"id":"HUNx3FNHHbRKM6K","name":"test_quest","children":["DJmhimU93BdH2IS"],"displayName":"Testa","activeCriteria":[{"operator":"<=","value":4,"fact":"Gm9FXzBNABzXVro"},{"fact":"Gm9FXzBNABzXVro","operator":"!=","value":0}],"completedCriteria":[{"operator":"==","value":5,"fact":"Gm9FXzBNABzXVro"}],"type":"quest","item":{"case":"custom_item","value":{"components":[{"case":"material","value":{"material":"STONE"}}]}},"description":"De beginners quest"},{"id":"DJmhimU93BdH2IS","name":"andere_quest","children":["ptVEMseIV6PfY5z"],"displayName":"Abcdefghijklmnopqrstuvwxyz doen ook nog meer!","activeCriteria":[{"operator":"<=","value":4,"fact":"Gm9FXzBNABzXVro"},{"fact":"Gm9FXzBNABzXVro","operator":"!=","value":0}],"completedCriteria":[{"operator":"==","value":5,"fact":"Gm9FXzBNABzXVro"}],"type":"quest","item":{"case":"custom_item","value":{"components":[{"case":"material","value":{"material":"STONE"}}]}},"description":"De beginners quest"},{"id":"ptVEMseIV6PfY5z","name":"basic","children":["EH51KWTQYDIEByr"],"displayName":"Tada","activeCriteria":[{"operator":"<=","value":4,"fact":"Gm9FXzBNABzXVro"},{"fact":"Gm9FXzBNABzXVro","operator":"!=","value":0}],"completedCriteria":[{"operator":"==","value":5,"fact":"Gm9FXzBNABzXVro"}],"type":"quest","item":{"case":"custom_item","value":{"components":[{"case":"material","value":{"material":"STONE"}}]}},"description":"De beginners quest"},{"id":"EH51KWTQYDIEByr","name":"demo_18","children":[],"displayName":"Quest 13","activeCriteria":[{"operator":"<=","value":4,"fact":"Gm9FXzBNABzXVro"},{"fact":"Gm9FXzBNABzXVro","operator":"!=","value":0}],"completedCriteria":[{"operator":"==","value":5,"fact":"Gm9FXzBNABzXVro"}],"type":"quest","item":{"case":"custom_item","value":{"components":[{"case":"material","value":{"material":"STONE"}}]}},"description":"De beginners quest"}],"chapter":"","priority":0,"version":"0.6.0"}